0,1,2,3,4,5,6,7,8,9,10,11,12,13,14,15,16,17,18,19,20,21,22,23,24,25,26,27,28,29,30,31,32,33,34,35,36,37,38,39,40,41,42,43,44,45,46,47,48,49,50,51,52,53,54,55,56,57,58,59,60,61,62,63,64,65,66,67,68,69,70,71,72,73,74,75,76,77,78,79,80
0.09461990952448561,0.0,0.0,-0.316227766016838,-0.316227766016838,-0.3977329239342701,0.0,0.0,-0.017519001632597488,-0.5226725648483378,-0.21821789023599236,-0.316227766016838,0.0,0.0,0.0,-0.4714045207910318,0.0,-0.4714045207910318,0.21821789023599217,0.21821789023599217,0.21821789023599217,-0.39735970711951313,-0.316227766016838,0.24821604847150142,0.24561328208935088,0.7377708253708144,-0.09966915420062379,0.0,-0.21821789023599233,-0.21821789023599233,0.0,0.0,0.8273661858090515,1.444551639831892,0.015487220179369838,-1.7815623242543108,-1.1924131494753674,-0.24197330541669665,-0.24197629036700938,-0.24135556271022926,-0.24251355481231288,-0.24197224460787978,-0.2424018289137293,-0.24226752808415777,0.4193548321694418,-1.0432253951476793,-0.25991381742434455,0.4943254165578587,-0.316227766016838,-1.227585104563628,1.1551662409658638,-0.7559289460184545,-0.21821789023599233,0.0,-1.0954451150103321,0.0,0.47140452079103157,-0.316227766016838,-1.177406444263547,0.4228857140747499,0.0,0.21821789023599217,0.0,-0.316227766016838,0.0,-0.21821789023599236,1.388937440952297,-1.8299798762172574,-0.4435668499673448,-0.0322970335628767,0.1815952548748062,-0.1516988773390643,-0.05334934314833937,0.3965482647344518,-0.2592162816067862,-0.11741119249320392,0.21821789023599217,-0.4045489909149622,-0.21821789023599233,-0.21821789023599233,0.31622776601683805
0.2200197896171776,0.0,0.0,-0.316227766016838,-0.316227766016838,0.46081672599810847,0.0,0.0,1.7425566957223502,0.6571319633137513,-0.21821789023599236,-0.316227766016838,0.0,0.0,0.0,-0.4714045207910318,0.0,2.121320343559643,0.21821789023599217,0.21821789023599217,0.21821789023599217,-0.39735970711951313,-0.316227766016838,0.24972595788880567,0.24720339614193815,-0.6486769649868153,-0.28432713914862856,0.0,-0.21821789023599233,-0.21821789023599233,0.0,0.0,0.8482401033409313,0.5353932651125195,0.7608096913115221,0.7692666034218939,-0.9864757702858971,-0.2423023564637395,-0.24241338963315848,-0.241819941736173,-0.24306201471731986,-0.2424899407841612,-0.24290858733441797,-0.24274332961869388,0.4776859755273575,1.0642598400227894,-0.221660148175075,-0.29099847068785206,-0.316227766016838,-1.0836517702049118,-0.5145546547993908,-0.7559289460184545,-0.21821789023599233,0.0,-1.0954451150103321,0.0,0.47140452079103157,-0.316227766016838,-0.8284998124629389,-0.5649500280075677,0.0,0.21821789023599217,0.0,-0.316227766016838,0.0,-0.21821789023599236,-1.788848835576841,1.51754260493307,2.014481585168887,3.015984714439501,1.3486730138446064,2.674546873446384,-0.13526931279754387,-0.38165360862639136,-0.4623596089341946,-0.5309519461054127,0.21821789023599217,0.0985351628686815,-0.21821789023599233,-0.21821789023599233,0.31622776601683805
-0.23141977871651356,0.0,0.0,-0.316227766016838,-0.316227766016838,-0.3977329239342701,0.0,0.0,0.5477607843792105,-0.5226725648483378,-0.21821789023599236,-0.316227766016838,0.0,0.0,0.0,-0.4714045207910318,0.0,-0.4714045207910318,0.21821789023599217,0.21821789023599217,0.21821789023599217,-0.39735970711951313,-0.316227766016838,0.24660735413308152,0.24408095594681722,0.7377708253708144,-0.09966915420062379,0.0,-0.21821789023599233,-0.21821789023599233,0.0,0.0,0.8273661858090515,1.444551639831892,0.015487220179369838,-0.44770518453395264,-0.9192596700137721,-0.2422454299909999,-0.24235861817638418,-0.2409088672662863,-0.24202968629303856,-0.241477129354243,-0.24180901786916284,-0.2415156834982419,0.4577915663751801,0.26882033564069624,-0.16829234138157542,0.11607011001817921,-0.316227766016838,-0.6858564574046405,1.1551662409658638,-0.7559289460184545,-0.21821789023599233,0.0,-1.0954451150103321,0.0,-2.121320343559643,-0.316227766016838,-1.2235416426916292,0.4228857140747499,0.0,0.21821789023599217,0.0,-0.316227766016838,0.0,-0.21821789023599236,1.1122976868559706,-1.7326305279492495,-0.6082213832344422,-0.7653884303075389,-0.22518911134549388,-0.9644627548813449,-0.36315183278955593,-0.541377343637806,-0.40775550516921094,-0.6449112157123182,0.21821789023599217,-0.13118544115917022,-0.21821789023599233,-0.21821789023599233,0.31622776601683805
1.74989832674802,0.0,0.0,-0.316227766016838,-0.316227766016838,0.4586423962045026,0.0,0.0,-0.9553695556976426,0.6564952636223526,-0.21821789023599236,-0.316227766016838,0.0,0.0,0.0,2.121320343559643,0.0,-0.4714045207910318,0.21821789023599217,0.21821789023599217,0.21821789023599217,-0.39735970711951313,-0.316227766016838,0.13310285913292144,0.09734843541404213,-0.99618146468929,-0.3306105224160531,0.0,-0.21821789023599233,-0.21821789023599233,0.0,0.0,0.8482401033409313,0.5353932651125195,0.7608096913115221,-0.22112886316789296,1.8832131007782584,-0.0697652788628966,-0.07727802020059399,-0.08720724207052712,-0.07996253097528191,-0.07980978699363975,-0.0842962023667044,-0.08564773573454536,-2.556076160776022,1.6925234413693295,-0.22061705980934646,-0.33098552002111137,3.16227766016838,1.4144178868841897,-0.9330598063560002,-0.7559289460184545,-0.21821789023599233,0.0,0.912870929175277,0.0,0.47140452079103157,-0.316227766016838,1.3421732424214354,-0.7199121704391902,0.0,0.21821789023599217,0.0,-0.316227766016838,0.0,-0.21821789023599236,0.43375775809178047,-0.7951605848533899,-0.6045338992343131,-0.631928201669408,-1.0068850152895588,-0.5406228807930673,-0.2592531143434688,0.25248959129110893,0.15035990839078292,0.8786712694518972,0.21821789023599217,-0.1953370950792667,-0.21821789023599233,-0.21821789023599233,0.31622776601683805
1.0978189502660216,0.0,0.0,-0.316227766016838,-0.316227766016838,0.4586423962045026,0.0,0.0,0.5349135165153058,0.6564952636223526,-0.21821789023599236,-0.316227766016838,0.0,0.0,0.0,-0.4714045207910318,0.0,-0.4714045207910318,0.21821789023599217,0.21821789023599217,0.21821789023599217,-0.39735970711951313,-0.316227766016838,-0.044737875876595355,0.003038167669237049,-0.6486769649868153,-0.28432713914862856,0.0,-0.21821789023599233,-0.21821789023599233,0.0,0.0,0.8482401033409313,0.5353932651125195,0.7608096913115221,0.7248545299829935,-1.0144386862619135,-0.09880468025645935,-0.08513722030671154,-0.08467797615663596,-0.06909210870220259,-0.07366183496635736,-0.07163916227122326,-0.07190467112061577,0.43546661714710366,-0.0921336014257911,-0.18943084642582952,-0.046744767460674956,-0.316227766016838,-0.9919548382887791,-0.5145546547993908,-0.7559289460184545,-0.21821789023599233,0.0,0.912870929175277,0.0,0.47140452079103157,-0.316227766016838,-0.689285367620066,-0.5649500280075677,0.0,0.21821789023599217,0.0,-0.316227766016838,0.0,-0.21821789023599236,-0.4427797679675548,0.1624305349068677,-0.41812478347388166,-0.2779139801645071,0.11513795376763855,-0.20213291269968311,-0.4965038510182743,-0.595309525415563,-0.6549047851270463,-0.7819507351043054,0.21821789023599217,-0.3382041988682961,-0.21821789023599233,-0.21821789023599233,0.31622776601683805
1.5994184706367895,0.0,0.0,3.16227766016838,3.16227766016838,-2.496582411847832,0.0,0.0,0.5092189807874963,-1.4647758748881856,-0.21821789023599236,3.16227766016838,0.0,0.0,0.0,2.121320343559643,0.0,2.121320343559643,0.21821789023599217,0.21821789023599217,0.21821789023599217,2.516611478423583,-0.316227766016838,0.2590118439133872,0.25452572215169683,-0.9529417816741772,-0.32485152206734647,0.0,-0.21821789023599233,4.582575694955839,0.0,0.0,-2.1993518563135117,-1.788011470281433,-2.3695446874435175,3.2531036868014125,0.2640742608858903,-0.2380967440489308,-0.23790213567602533,-0.23744788252933763,-0.23815797753079088,-0.23772405747525374,-0.23796837411268162,-0.23787390722597074,0.7547506082234686,3.2063874915208763,4.434388291189829,4.1142519265291755,-0.316227766016838,0.9498552681304097,-0.8809855352148286,-0.7559289460184545,-0.21821789023599233,0.0,-1.0954451150103321,0.0,-2.121320343559643,3.16227766016838,2.2624672069511105,-0.7007605066376159,0.0,0.21821789023599217,0.0,3.16227766016838,0.0,-0.21821789023599236,-0.23521092918023898,1.0880488838355638,2.899129963848834,1.9232399315995938,2.2906408268381933,1.5523895866726147,-0.24469232819533632,0.36197426686957823,-0.6669682457843323,-0.08484477653768809,0.21821789023599217,0.013070259860060161,-0.21821789023599233,4.582575694955839,-3.1622776601683795
-1.9368581479771245,0.0,0.0,3.16227766016838,3.16227766016838,-0.961194959020137,0.0,0.0,-1.2123149129757371,3.122008701949208,-0.21821789023599236,3.16227766016838,0.0,0.0,0.0,-0.4714045207910318,0.0,2.121320343559643,-4.58257569495584,-4.58257569495584,-4.58257569495584,2.516611478423583,-0.316227766016838,-4.572433951286386,-4.574654591111785,3.026105515544825,4.559596755928343,0.0,4.582575694955839,-0.21821789023599233,0.0,0.0,2.2050447429131146,2.131471300730974,2.2727495613224598,1.1282382432933995,-0.6871612900158688,4.57754633617167,4.577451723705156,4.57777585281548,4.577046376812722,4.577244665343849,4.577213824462639,4.577280487147014,-2.3532244767107,-0.20209702901118573,0.9109848043824565,1.1248904252746397,-0.316227766016838,-0.22391065099132865,-1.955415152441682,-0.7559289460184545,4.582575694955839,0.0,-1.0954451150103321,0.0,-2.121320343559643,3.16227766016838,1.3626269923958407,3.6379956900077697,0.0,-4.58257569495584,0.0,3.16227766016838,0.0,-0.21821789023599236,0.769158497189807,0.7944406739486387,-0.9015440647945339,-0.9978473261983676,-0.10455135727030397,-0.793762942891558,-0.28439674764174205,0.12827267317117458,0.07867750999897492,0.5058612724209183,-4.58257569495584,4.550012583902701,4.582575694955839,-0.21821789023599233,-3.1622776601683795
-1.1342989153838958,0.0,0.0,-0.316227766016838,-0.316227766016838,0.14398581321553736,0.0,0.0,0.41928810574016323,-0.36561997430328547,-0.21821789023599236,-0.316227766016838,0.0,0.0,0.0,-0.4714045207910318,0.0,-0.4714045207910318,0.21821789023599217,0.21821789023599217,0.21821789023599217,-0.39735970711951313,-0.316227766016838,0.2502154345869411,0.24738921416305884,-0.3856684098013392,-0.24929758893468817,0.0,-0.21821789023599233,-0.21821789023599233,0.0,0.0,-0.8216732992094484,-1.0606847705059348,-0.6020656844729849,0.03453643196530079,0.08902014279297303,-0.2425059611392518,-0.24261680943543742,-0.24202840449171376,-0.24325048885101985,-0.24268525390367482,-0.2431410926666865,-0.2429975449391827,0.1135873599922197,0.17963758616918282,-0.23079249325461682,-0.47141099782095586,-0.316227766016838,0.049919547607971716,-0.1978093174911362,1.3228756555322954,-0.21821789023599233,0.0,0.912870929175277,0.0,0.47140452079103157,-0.316227766016838,0.010089040784090796,-0.4460582723864158,0.0,0.21821789023599217,0.0,-0.316227766016838,0.0,-0.21821789023599236,-0.9438900864729716,1.0177902181564766,-0.45494858451778614,-0.5473407328142548,-0.39187079899692023,-0.29912144223933473,-0.5054225828887589,-0.5863912208137001,-0.6579753014814411,-0.7477078903804233,0.21821789023599217,-0.2655384103182754,-0.21821789023599233,-0.21821789023599233,0.31622776601683805
-1.259698795476588,0.0,0.0,-0.316227766016838,-0.316227766016838,-0.6403260051922978,0.0,0.0,0.4578299093318774,-1.4040771709748274,-0.21821789023599236,-0.316227766016838,0.0,0.0,0.0,-0.4714045207910318,0.0,-0.4714045207910318,0.21821789023599217,0.21821789023599217,0.21821789023599217,-0.39735970711951313,3.16227766016838,0.25005861998965173,0.24723358534322476,0.24229920195940202,-0.16565993382414942,0.0,-0.21821789023599233,-0.21821789023599233,0.0,0.0,-0.5711862888268915,-0.07071231803372899,-0.7724251064460482,0.5312291018135373,0.43819089184944615,-0.24244499325789096,-0.24254826188669013,-0.2419559077207822,-0.24317777205159155,-0.2426125542279709,-0.24306611490147212,-0.24292189258855532,0.45390103240139906,0.5247733951191333,-0.3271397982196663,-0.5661160659959069,-0.316227766016838,0.45749432527916795,0.5584619780728983,-0.7559289460184545,-0.21821789023599233,0.0,-1.0954451150103321,0.0,0.47140452079103157,-0.316227766016838,-0.13894778714975242,-0.15642458389479058,0.0,0.21821789023599217,0.0,-0.316227766016838,0.0,-0.21821789023599236,1.0717500160427986,-0.20412865931557572,-0.745308715378862,-0.5185183360191654,-0.8204170147012564,-0.5629302425871872,-0.44319776409760125,-0.5580682590089826,-0.39309433136401856,-0.6776991689578591,0.21821789023599217,-0.20194053699214826,-0.21821789023599233,-0.21821789023599233,0.31622776601683805
0.7717792620250223,0.0,0.0,-0.316227766016838,-0.316227766016838,0.39589745073187604,0.0,0.0,-1.5334966095733553,-0.1760956994968912,-0.21821789023599236,-0.316227766016838,0.0,0.0,0.0,-0.4714045207910318,0.0,-0.4714045207910318,0.21821789023599217,0.21821789023599217,0.21821789023599217,-0.39735970711951313,-0.316227766016838,0.22603355825592536,0.22200826589587416,0.5180020029289639,-0.12893967094968944,0.0,-0.21821789023599233,-0.21821789023599233,0.0,0.0,-0.13283402065741678,-0.010101759719104141,0.14325678665916736,-1.1473977805215676,1.2264283789875046,-0.2317315705161473,-0.23198964282028756,-0.2310631121984351,-0.23343738789423188,-0.23334397989841163,-0.23359583340550832,-0.23323071104629237,0.4279099528484126,-0.45771607070134007,-0.3328022779193356,-0.5716820289067635,-0.316227766016838,1.1054484573513745,0.890495174798747,-0.7559289460184545,-0.21821789023599233,0.0,0.912870929175277,0.0,0.47140452079103157,-0.316227766016838,0.16134722915410502,0.02198107903411438,0.0,0.21821789023599217,0.0,-0.316227766016838,0.0,-0.21821789023599236,-0.0041570866904876306,0.06929823148878797,0.4188452233119121,0.12810587034022886,0.8925166182892144,0.13247751421211498,4.139420811419913,3.8054806626726743,3.7233048502824353,3.1512866037627525,0.21821789023599217,-0.1737753776039356,-0.21821789023599233,-0.21821789023599233,0.31622776601683805
-0.13109987464235998,0.0,0.0,-0.316227766016838,-0.316227766016838,1.2895469959038925,0.0,0.0,1.511305874172065,0.2649249534120531,-0.21821789023599236,-0.316227766016838,0.0,0.0,0.0,-0.4714045207910318,0.0,-0.4714045207910318,0.21821789023599217,0.21821789023599217,0.21821789023599217,-0.39735970711951313,3.16227766016838,0.25013899264274797,0.24731299390238462,-0.5502966720492841,-0.27122406635533136,0.0,-0.21821789023599233,-0.21821789023599233,0.0,0.0,-0.3415731959762142,-0.4747827067978946,0.33491113637886366,-0.19238247902756675,1.0241585402486377,-0.2424624348115497,-0.24257359487864333,-0.2419834386901794,-0.24320730723847014,-0.2426435838299814,-0.24309629177891975,-0.24295176445685093,0.0007625252576304477,-0.6164938122029248,-0.2970605357548817,-0.5365495036160559,-0.316227766016838,0.904255893420901,-0.39607374431305686,1.3228756555322954,-0.21821789023599233,0.0,0.912870929175277,0.0,0.47140452079103157,-0.316227766016838,0.45967139418913866,-0.5206415874219201,0.0,0.21821789023599217,0.0,-0.316227766016838,0.0,-0.21821789023599236,-0.16967285372430146,1.3447331867604935,-0.23234925791228106,-0.3468371029353728,-0.44214887557679533,-0.09253587431987678,-0.4497020536874255,-0.5894398126578457,-0.6101212331837883,-0.7893393996703274,0.21821789023599217,-0.23864109649472406,-0.21821789023599233,-0.21821789023599233,0.31622776601683805
0.4708195498025616,0.0,0.0,-0.316227766016838,-0.316227766016838,0.39589745073187604,0.0,0.0,-0.36439523395802514,-0.1760956994968912,-0.21821789023599236,-0.316227766016838,0.0,0.0,0.0,-0.4714045207910318,0.0,-0.4714045207910318,0.21821789023599217,0.21821789023599217,0.21821789023599217,-0.39735970711951313,-0.316227766016838,0.24664304083233277,0.2441447717336954,1.119391070213611,-0.04884196823948337,0.0,-0.21821789023599233,-0.21821789023599233,0.0,0.0,-0.13283402065741678,-0.010101759719104141,0.14325678665916736,-0.03217511172763392,-0.7146154977327909,-0.24133262068198716,-0.24129637661181683,-0.24065173851858343,-0.2417752539946606,-0.2412582628315302,-0.2416076747003323,-0.24147364102781638,0.4402360094870468,0.05280626027550535,-0.34180689789286983,-0.3966471426311414,-0.316227766016838,-0.6388273281649484,1.614757514707279,-0.7559289460184545,-0.21821789023599233,0.0,-1.0954451150103321,0.0,0.47140452079103157,-0.316227766016838,-0.5907193819666104,1.1095859482252932,0.0,0.21821789023599217,0.0,-0.316227766016838,0.0,-0.21821789023599236,-0.4797052384462307,0.6505025865475744,-0.4806636466107444,-0.2685153725139345,-0.7379729672044917,-0.432965613004054,-0.39108050792994115,-0.5361711148449875,-0.5132064576695589,-0.6252530866970272,0.21821789023599217,-0.41739975768827275,-0.21821789023599233,-0.21821789023599233,0.31622776601683805
0.9724190701733295,0.0,0.0,-0.316227766016838,-0.316227766016838,1.5110180163097486,0.0,0.0,0.663386195154353,0.7838352019021246,-0.21821789023599236,-0.316227766016838,0.0,0.0,0.0,-0.4714045207910318,0.0,-0.4714045207910318,0.21821789023599217,0.21821789023599217,0.21821789023599217,-0.39735970711951313,-0.316227766016838,0.15694628073944455,0.17972270997160136,-0.10758545328743066,-0.21226033813398515,0.0,-0.21821789023599233,-0.21821789023599233,0.0,0.0,-0.3833210310399737,-0.5151897456743112,0.33491113637886366,-0.04095786397852448,-0.1765155374145524,-0.19011698150911352,-0.19134069688180294,-0.1904428064731178,-0.1875684496862352,-0.18941341638343498,-0.1870421216891762,-0.18753805769895973,0.43722680117805,-0.7752715537045092,-0.2826488862936934,-0.5223835002677479,-0.316227766016838,-0.30313391451344956,0.13709035287551616,1.3228756555322954,-0.21821789023599233,0.0,0.912870929175277,0.0,0.47140452079103157,-0.316227766016838,-0.6530518576314096,-0.3188143674299096,0.0,0.21821789023599217,0.0,-0.316227766016838,0.0,-0.21821789023599236,-0.7400710957831025,1.1598660066992685,-0.10737719396941953,-0.04796137964716435,0.49722424144526006,0.5155822058937389,-0.36525386819321176,-0.49173035756249817,-0.5513931397708154,-0.6563962147706407,0.21821789023599217,-0.18683734224380805,-0.21821789023599233,-0.21821789023599233,0.31622776601683805
0.14477986156156242,0.0,0.0,-0.316227766016838,-0.316227766016838,0.2561191068572121,0.0,0.0,1.4085277312608273,-0.36561997430328547,-0.21821789023599236,-0.316227766016838,0.0,0.0,0.0,2.121320343559643,0.0,-0.4714045207910318,0.21821789023599217,0.21821789023599217,0.21821789023599217,-0.39735970711951313,-0.316227766016838,0.24976443746017218,0.24698026506510184,-0.3856684098013392,-0.24929758893468817,0.0,-0.21821789023599233,-0.21821789023599233,0.0,0.0,-0.8216732992094484,-1.0606847705059348,-0.6020656844729849,-0.28379162036219013,0.11320045532586713,-0.24219054890132735,-0.24231122568940824,-0.2417194489803497,-0.2428795684910726,-0.24232600204810345,-0.24276479577691334,-0.24262525457707726,0.42175718118744765,-0.05498605168605142,-0.3148781880429388,-0.5540634545799167,-0.316227766016838,0.07255142584171459,-0.1978093174911362,1.3228756555322954,-0.21821789023599233,0.0,0.912870929175277,0.0,0.47140452079103157,-0.316227766016838,0.1004131679405981,-0.4460582723864158,0.0,0.21821789023599217,0.0,-0.316227766016838,0.0,-0.21821789023599236,-0.08341511198311148,-0.4817345637348514,0.7574224060703627,0.5761061683508557,0.7547592661304556,0.3186954909282461,-0.3899470134693298,-0.49641582461089984,-0.6128982555689716,-0.7562504029266731,0.21821789023599217,-0.1948333428090723,-0.21821789023599233,-0.21821789023599233,0.31622776601683805
-0.7330192990872815,0.0,0.0,-0.316227766016838,-0.316227766016838,0.6459453769965523,0.0,0.0,-1.1480785736562136,0.7636730450078275,-0.21821789023599236,-0.316227766016838,0.0,0.0,0.0,-0.4714045207910318,0.0,2.121320343559643,0.21821789023599217,0.21821789023599217,0.21821789023599217,-0.39735970711951313,-0.316227766016838,0.24110782689905366,0.2390250119887646,-0.6486769649868153,-0.28432713914862856,0.0,-0.21821789023599233,-0.21821789023599233,0.0,0.0,0.8064922682771718,0.5151897456743112,0.7608096913115221,0.1073522999177197,-0.592462803842674,-0.2386902756931852,-0.23853914354544561,-0.23786186411320606,-0.2390167059182455,-0.23848137614112622,-0.2385822500179321,-0.23849544433725992,0.4853539797382342,-0.7253836111831249,-0.3390395205960389,-0.48381932867109856,-0.316227766016838,-0.7280386471010217,-0.5145546547993908,-0.7559289460184545,-0.21821789023599233,0.0,-1.0954451150103321,0.0,0.47140452079103157,-0.316227766016838,-0.21306669388592833,-0.5649500280075677,0.0,0.21821789023599217,0.0,-0.316227766016838,0.0,-0.21821789023599236,-0.3046533408574854,-0.2498545860650032,-0.24219791991378636,-0.2797937016946216,-0.4918682795156389,-0.6608886574222353,1.3935577350377475,0.8278152566143657,1.9141496754446399,1.6648596579969979,0.21821789023599217,-0.3535402860377032,-0.21821789023599233,-0.21821789023599233,0.31622776601683805
0.044459957487408816,0.0,0.0,-0.316227766016838,-0.316227766016838,-0.6403260051922978,0.0,0.0,0.1623427484620687,-1.4034404712834285,-0.21821789023599236,-0.316227766016838,0.0,0.0,0.0,-0.4714045207910318,0.0,-0.4714045207910318,0.21821789023599217,0.21821789023599217,0.21821789023599217,-0.39735970711951313,-0.316227766016838,0.18497957943732998,0.19113328153183384,0.24229920195940202,-0.16565993382414942,0.0,-0.21821789023599233,-0.21821789023599233,0.0,0.0,-0.5711862888268915,-0.07071231803372899,-0.7724251064460482,-0.9517791036143205,0.15135705470029157,-0.16714191607001652,-0.1700471099803002,-0.17056826892304777,-0.17425213293671585,-0.17508532231622811,-0.1697673621623586,-0.1702320985325038,0.45963130060628543,-0.4212604149516148,-0.2437778790320539,-0.27465630138943475,-0.316227766016838,0.15792183410627353,0.5584619780728983,1.3228756555322954,-0.21821789023599233,0.0,-1.0954451150103321,0.0,0.47140452079103157,-0.316227766016838,1.1936197005979976,-0.15642458389479058,0.0,0.21821789023599217,0.0,-0.316227766016838,0.0,-0.21821789023599236,-1.350237571017432,0.7072943100323014,0.5699679215425604,0.451417973519926,-0.026173053954373086,0.8472829769193474,-0.3405580777973166,-0.4491358063709329,-0.4140619945179593,-0.572665446020792,0.21821789023599217,-0.19282509631405573,-0.21821789023599233,-0.21821789023599233,0.31622776601683805
-1.836538243902971,0.0,0.0,-0.316227766016838,-0.316227766016838,0.37570724550553547,0.0,0.0,-0.7369660020112622,-0.20814291729730053,-0.21821789023599236,-0.316227766016838,0.0,0.0,0.0,-0.4714045207910318,0.0,-0.4714045207910318,0.21821789023599217,0.21821789023599217,0.21821789023599217,-0.39735970711951313,-0.316227766016838,0.24734886167969697,0.24464329209223545,1.119391070213611,-0.04884196823948337,0.0,-0.21821789023599233,-0.21821789023599233,0.0,0.0,-0.17458185572117627,0.03030527915731242,0.12196185891253444,-0.04665730958814495,-0.46767449847747233,-0.24129460902635017,-0.24127735943644477,-0.24068130972561463,-0.24185684672672803,-0.24129537488564026,-0.24177735655768978,-0.24164550683805847,0.46432695400813934,-0.7276501604607583,-0.34180689789286983,-0.34950385526963795,-0.316227766016838,-0.3177664660173814,1.614757514707279,-0.7559289460184545,-0.21821789023599233,0.0,0.912870929175277,0.0,0.47140452079103157,-0.316227766016838,-0.5355746944862009,1.1095859482252932,0.0,0.21821789023599217,0.0,-0.316227766016838,0.0,-0.21821789023599236,-1.1234628683409966,1.0246850363752467,-1.3973298228408662,-1.29421675411309,-1.23707654705029,-1.3921821701512085,-0.04897084185405135,-0.23162273086837984,0.5418320732795733,0.38229792651038486,0.21821789023599217,-0.31241841323858627,-0.21821789023599233,-0.21821789023599233,0.31622776601683805
-0.8333392031614351,0.0,0.0,-0.316227766016838,-0.316227766016838,-2.701590649530672,0.0,0.0,0.3935935700123538,-1.3353136043037503,-0.21821789023599236,-0.316227766016838,0.0,0.0,0.0,-0.4714045207910318,0.0,-0.4714045207910318,0.21821789023599217,0.21821789023599217,0.21821789023599217,-0.39735970711951313,-0.316227766016838,0.17989205256016466,0.18782512294991996,-1.5075208580344166,-0.3987147094233133,0.0,-0.21821789023599233,-0.21821789023599233,0.0,0.0,-1.9279909283990748,-2.070860742416349,-2.3056599042036185,-0.5379619789420409,-0.3111139653074426,-0.19989973409215828,-0.20114946579048149,-0.20301743081047596,-0.20481170681874772,-0.20616416383441255,-0.20535585327314568,-0.2055444233095425,0.3354415474433291,-1.3971411002467784,-0.20390635844002167,-0.22623660899950176,-0.316227766016838,-0.6561232858303859,-1.5488738935209299,1.3228756555322954,-0.21821789023599233,0.0,0.912870929175277,0.0,0.47140452079103157,-0.316227766016838,-0.9773948399048447,-0.9436411425203022,0.0,0.21821789023599217,0.0,-0.316227766016838,0.0,-0.21821789023599236,-1.321893032382962,-0.1942582271584451,-0.8923596410522535,-0.9013549543191557,-0.8328175960211678,-0.9062696371575539,-0.5077436155828174,-0.5757236014505225,-0.3005429566843045,-0.4279622439411832,0.21821789023599217,-0.2229784539308058,-0.21821789023599233,-0.21821789023599233,0.31622776601683805
0.8971791421177143,0.0,0.0,-0.316227766016838,-0.316227766016838,0.46081672599810847,0.0,0.0,1.28005505262178,0.6571319633137513,-0.21821789023599236,-0.316227766016838,0.0,0.0,0.0,-0.4714045207910318,0.0,-0.4714045207910318,0.21821789023599217,0.21821789023599217,0.21821789023599217,-0.39735970711951313,-0.316227766016838,0.24569429183079033,0.24360425550603879,-0.99618146468929,-0.3306105224160531,0.0,-0.21821789023599233,-0.21821789023599233,0.0,0.0,0.869114020872811,0.5555967845507277,0.7182198358182562,0.7809457952448867,-1.5668596298770077,-0.24122362394168906,-0.2411391502279298,-0.24051345325134682,-0.24152590127727988,-0.2409710134749006,-0.24128324286930183,-0.24096731035302532,0.43079169055676947,-0.4240279909116726,-0.2775611695710582,-0.4955162206529363,-0.316227766016838,-1.788262630603105,-0.9330598063560002,-0.7559289460184545,-0.21821789023599233,0.0,0.912870929175277,0.0,0.47140452079103157,-0.316227766016838,-0.8828918040565015,-0.7199121704391902,0.0,0.21821789023599217,0.0,-0.316227766016838,0.0,-0.21821789023599236,-0.12275902381901756,-0.702810559845985,0.4024514302351168,0.7703440597960226,1.055912513328052,0.5243111735523075,-0.20204045543872814,-0.4266853073960695,0.045791305381103625,-0.15546219147688872,0.21821789023599217,-0.22344820616488834,-0.21821789023599233,-0.21821789023599233,0.31622776601683805
0.5711394538767152,0.0,0.0,-0.316227766016838,-0.316227766016838,0.46081672599810847,0.0,0.0,-1.1866203772479276,0.6571319633137513,-0.21821789023599236,-0.316227766016838,0.0,0.0,0.0,-0.4714045207910318,0.0,-0.4714045207910318,0.21821789023599217,0.21821789023599217,0.21821789023599217,-0.39735970711951313,-0.316227766016838,0.24922629237943467,0.24639690607654338,-0.6486769649868153,-0.28432713914862856,0.0,-0.21821789023599233,-0.21821789023599233,0.0,0.0,0.869114020872811,0.5555967845507277,0.7182198358182562,-0.10246827424628639,1.0344555796399915,-0.2420561871836058,-0.24215827208557242,-0.24154977541439823,-0.24278778276899685,-0.24224000834043502,-0.2426512083783737,-0.24249932499944782,0.3145201289973596,0.26571874189235595,-0.3050433548803554,-0.32079520446627235,-0.316227766016838,0.8837062284364212,-0.5145546547993908,1.3228756555322954,-0.21821789023599233,0.0,0.912870929175277,0.0,0.47140452079103157,-0.316227766016838,0.044372765597653165,-0.5649500280075677,0.0,0.21821789023599217,0.0,-0.316227766016838,0.0,-0.21821789023599236,1.1115112018617508,-0.9457377420891746,0.08421481521897424,-0.04420193658693532,0.507532956820517,0.04324806703563548,-0.20318510162777229,-0.36465099445281357,0.2776117513041286,0.03655787494594861,0.21821789023599217,-0.27290260312127046,-0.21821789023599233,-0.21821789023599233,0.31622776601683805
0.3454196697098696,0.0,0.0,-0.316227766016838,-0.316227766016838,0.35738075153085735,0.0,0.0,-1.1994676451118325,-0.16399840536031288,4.58257569495584,-0.316227766016838,0.0,0.0,0.0,2.121320343559643,0.0,-0.4714045207910318,0.21821789023599217,0.21821789023599217,0.21821789023599217,2.516611478423583,-0.316227766016838,0.2525764976413138,0.24835193085425367,-0.3856684098013392,-0.24929758893468817,0.0,-0.21821789023599233,-0.21821789023599233,0.0,0.0,-0.7381776290819294,-1.1414988482587678,-0.5807707567263519,-1.4286950086422894,2.4729836081256384,-0.23895547201922454,-0.23897890886028286,-0.23849973437188882,-0.23962865896623806,-0.2390941959104969,-0.2395043969035369,-0.2393915846149058,-2.5523272293957397,0.7135411623258257,-0.32032779256592886,0.7708240402573292,3.16227766016838,2.6625620299886976,-0.1978093174911362,-0.7559289460184545,-0.21821789023599233,0.0,-1.0954451150103321,0.0,-2.121320343559643,-0.316227766016838,1.930452323087483,-0.4460582723864158,0.0,0.21821789023599217,0.0,-0.316227766016838,0.0,4.58257569495584,2.0466137712407586,-1.0243651093623702,1.294326372130622,1.1989205686621327,1.0558682325976894,1.81813815761126,0.6891762444002208,1.6299757753722472,0.41560836798473527,1.651708443480653,0.21821789023599217,-0.07154357712369849,-0.21821789023599233,-0.21821789023599233,0.31622776601683805
-0.8834991551985119,0.0,0.0,-0.316227766016838,-0.316227766016838,0.5642527004653596,0.0,0.0,-1.2765512522952607,-0.11030339805234216,-0.21821789023599236,-0.316227766016838,0.0,0.0,0.0,-0.4714045207910318,0.0,-0.4714045207910318,0.21821789023599217,0.21821789023599217,0.21821789023599217,-0.39735970711951313,-0.316227766016838,0.24988199668828523,0.24707302462417066,1.119391070213611,-0.04884196823948337,0.0,-0.21821789023599233,-0.21821789023599233,0.0,0.0,-0.13283402065741678,-0.010101759719104141,0.14325678665916736,-0.11486378983442272,-0.06809151462973952,-0.24231161228845044,-0.24242003121472938,-0.24182168666315132,-0.24305254016154074,-0.24249516313596764,-0.24295505651337174,-0.24281307254531004,0.13113180373758512,-1.0310814627022538,-0.12686683199978438,-0.18225294720017632,-0.316227766016838,-0.013021803363541622,1.614757514707279,1.3228756555322954,-0.21821789023599233,0.0,0.912870929175277,0.0,0.47140452079103157,-0.316227766016838,-0.9568527370000176,1.1095859482252932,0.0,0.21821789023599217,0.0,-0.316227766016838,0.0,-0.21821789023599236,1.176730470007528,-1.3759718370930167,-0.91231395462673,-1.1100040441618673,-2.382890261010132,-1.4270980407854832,-0.5384363783566672,-0.5781809830082091,-0.6428373452039463,-0.7024371377748099,0.21821789023599217,-0.2637197805285026,-0.21821789023599233,-0.21821789023599233,0.31622776601683805
